,GCN-only,SASRec-only,Fusion
GCN-only,1.0,0.0,0.09741516306106963
SASRec-only,0.0,1.0,0.0021935866604560154
Fusion,0.09741516306106963,0.0021935866604560154,1.0
