{
  "Recall": {
    "5": 0.010938464743169141,
    "10": 0.020088055217794585,
    "20": 0.0372611185313519
  },
  "NDCG": {
    "5": 0.48767779186583954,
    "10": 0.4733960598094138,
    "20": 0.453493462916006
  },
  "HitRate": {
    "5": 0.8412017167381974,
    "10": 0.9055793991416309,
    "20": 0.9656652360515021
  },
  "MRR": {
    "5": 0.64241773962804,
    "10": 0.650849853532257,
    "20": 0.6552376347017187
  },
  "AUC": 0.8995450643776823,
  "skipped": 0,
  "users_eval": 233
}